<?xml version="1.0" encoding="UTF-8"?>
<map>
	<points>
		<point name="base" id="1" x="1025" y="52"/>
		<point name="tower1" id="2" x="253" y="526"/>
		<point name="tower2" id="3" x="5" y="65"/>
		<point name="tower3" id="4" x="612" y="5"/>
		<point name="tower4" id="5" x="812" y="62"/>
		<point name="tower5" id="6" x="128" y="1001"/>
	</points>
	
	<routes>
		<route from="tower1" to="tower2" class="" vmax=""/>
		<route from="tower1" to="tower3" class="" vmax=""/>
		<route from="tower1" to="tower4" class="" vmax=""/>
		<route from="tower2" to="tower1" class="" vmax=""/>
		<route from="tower2" to="tower3" class="" vmax=""/>
		<route from="tower3" to="tower1" class="" vmax=""/>
		<route from="tower3" to="tower2" class="" vmax=""/>
		<route from="tower3" to="tower4" class="" vmax=""/>
		<route from="tower3" to="tower5" class="" vmax=""/>
		<route from="tower4" to="tower1" class="" vmax=""/>
		<route from="tower4" to="tower3" class="" vmax=""/>
		<route from="tower4" to="tower5" class="" vmax=""/>
		<route from="tower4" to="base" class="" vmax=""/>
		<route from="tower5" to="tower3" class="" vmax=""/>
		<route from="tower5" to="tower4" class="" vmax=""/>
		<route from="tower5" to="base" class="" vmax=""/>
		<route from="base" to="tower4" class="" vmax=""/>
		<route from="base" to="tower5" class="" vmax=""/>
		<route from="" to="" class="" vmax=""/>
	</routes>
</map>
